订单ID,商品名称,销售额,下单日期,城市
1001,卫衣,3520.99,2024-01-01,深圳
1002,水杯,2726.87,2024-01-02,上海
1003,手机,1616.69,2024-01-03,上海
1004,卫衣,4087.60,2024-01-04,深圳
1005,卫衣,3455.18,2024-01-05,北京
1006,水杯,896.82,2024-01-06,北京
1007,手机,4563.54,2024-01-07,上海
1008,手机,4130.43,2024-01-08,北京
1009,卫衣,4754.02,2024-01-09,深圳
1010,耳机,3656.03,2024-01-10,北京
1011,卫衣,3105.73,2024-01-11,上海
1012,卫衣,2149.39,2024-01-12,深圳
1013,卫衣,4670.37,2024-01-13,北京
1014,卫衣,4343.71,2024-01-14,广州
1015,水杯,321.57,2024-01-15,深圳
1016,手机,229.20,2024-01-16,深圳
1017,水杯,1944.67,2024-01-17,广州
1018,水杯,4071.71,2024-01-18,广州
1019,水杯,4937.65,2024-01-19,深圳
1020,卫衣,837.04,2024-01-20,广州
1021,耳机,3011.24,2024-01-21,上海
1022,手机,1966.37,2024-01-22,上海
1023,耳机,4852.58,2024-01-23,上海
1024,水杯,4226.38,2024-01-24,深圳
1025,水杯,4207.81,2024-01-25,广州
1026,耳机,2396.60,2024-01-26,广州
1027,耳机,2132.62,2024-01-27,北京
1028,耳机,1439.69,2024-01-28,北京
1029,水杯,376.24,2024-01-29,广州
1030,水杯,4337.14,2024-01-30,广州
1031,手机,4083.21,2024-01-31,广州
1032,手机,4998.62,2024-02-01,深圳
1033,水杯,4983.52,2024-02-02,广州
1034,耳机,2821.62,2024-02-03,北京
1035,耳机,3868.04,2024-02-04,深圳
1036,手机,4729.35,2024-02-05,广州
1037,水杯,4263.27,2024-02-06,北京
1038,手机,1312.01,2024-02-07,深圳
1039,手机,2307.67,2024-02-08,广州
1040,卫衣,732.88,2024-02-09,广州
1041,卫衣,4774.85,2024-02-10,广州
1042,卫衣,3070.26,2024-02-11,深圳
1043,耳机,1220.35,2024-02-12,北京
1044,水杯,3391.33,2024-02-13,北京
1045,水杯,3128.83,2024-02-14,上海
1046,水杯,1855.00,2024-02-15,广州
1047,水杯,656.43,2024-02-16,上海
1048,卫衣,3390.71,2024-02-17,上海
1049,耳机,2649.51,2024-02-18,北京
1050,耳机,3884.36,2024-02-19,深圳
1051,卫衣,2648.80,2024-02-20,深圳
1052,耳机,4275.69,2024-02-21,北京
1053,卫衣,2804.34,2024-02-22,深圳
1054,水杯,2848.60,2024-02-23,上海
1055,卫衣,4395.60,2024-02-24,广州
1056,水杯,2077.07,2024-02-25,北京
1057,水杯,756.67,2024-02-26,广州
1058,手机,241.04,2024-02-27,深圳
1059,卫衣,3800.17,2024-02-28,广州
1060,手机,3139.52,2024-02-29,深圳
1061,卫衣,3549.99,2024-03-01,深圳
1062,卫衣,1143.52,2024-03-02,上海
1063,手机,768.22,2024-03-03,深圳
1064,手机,171.27,2024-03-04,上海
1065,卫衣,1817.88,2024-03-05,上海
1066,耳机,2990.60,2024-03-06,上海
1067,水杯,2022.00,2024-03-07,北京
1068,手机,2243.63,2024-03-08,北京
1069,水杯,4530.38,2024-03-09,深圳
1070,耳机,1806.45,2024-03-10,上海
1071,耳机,2618.55,2024-03-11,北京
1072,耳机,3939.90,2024-03-12,上海
1073,手机,2043.06,2024-03-13,广州
1074,耳机,3148.22,2024-03-14,广州
1075,手机,4325.58,2024-03-15,广州
1076,耳机,4752.65,2024-03-16,深圳
1077,水杯,820.66,2024-03-17,上海
1078,水杯,4640.28,2024-03-18,广州
1079,卫衣,2511.37,2024-03-19,北京
1080,水杯,1365.40,2024-03-20,广州
1081,卫衣,2349.77,2024-03-21,广州
1082,水杯,4902.16,2024-03-22,广州
1083,手机,2513.83,2024-03-23,深圳
1084,水杯,1710.88,2024-03-24,北京
1085,卫衣,3203.66,2024-03-25,上海
1086,卫衣,1276.71,2024-03-26,北京
1087,耳机,471.73,2024-03-27,上海
1088,手机,731.51,2024-03-28,深圳
1089,水杯,727.42,2024-03-29,深圳
1090,耳机,844.32,2024-03-30,深圳
1091,水杯,780.25,2024-03-31,深圳
1092,水杯,3240.29,2024-04-01,上海
1093,耳机,991.21,2024-04-02,广州
1094,耳机,1793.77,2024-04-03,上海
1095,耳机,4494.26,2024-04-04,北京
1096,耳机,2422.41,2024-04-05,深圳
1097,耳机,3371.03,2024-04-06,深圳
1098,水杯,944.37,2024-04-07,北京
1099,耳机,1042.22,2024-04-08,上海
1100,手机,300.26,2024-04-09,广州
1101,卫衣,927.78,2024-04-10,广州
1102,耳机,1465.09,2024-04-11,北京
1103,耳机,967.35,2024-04-12,广州
1104,水杯,534.64,2024-04-13,上海
1105,耳机,691.12,2024-04-14,上海
1106,耳机,2357.82,2024-04-15,北京
1107,耳机,1111.04,2024-04-16,上海
1108,水杯,1884.92,2024-04-17,深圳
1109,耳机,2566.74,2024-04-18,北京
1110,卫衣,3482.93,2024-04-19,上海
1111,水杯,292.63,2024-04-20,北京
1112,卫衣,4017.11,2024-04-21,广州
1113,水杯,3176.71,2024-04-22,上海
1114,耳机,500.62,2024-04-23,深圳
1115,卫衣,4380.54,2024-04-24,上海
1116,水杯,4612.27,2024-04-25,北京
1117,手机,399.28,2024-04-26,北京
1118,耳机,1456.70,2024-04-27,上海
1119,水杯,4050.39,2024-04-28,深圳
1120,手机,3766.47,2024-04-29,深圳
1121,水杯,1004.15,2024-04-30,深圳
1122,手机,1125.81,2024-05-01,北京
1123,耳机,1915.31,2024-05-02,上海
1124,卫衣,2474.16,2024-05-03,广州
1125,手机,3129.45,2024-05-04,北京
1126,水杯,1907.68,2024-05-05,深圳
1127,耳机,2366.42,2024-05-06,上海
1128,手机,3762.61,2024-05-07,深圳
1129,水杯,279.75,2024-05-08,广州
1130,水杯,1336.94,2024-05-09,深圳
1131,水杯,3595.41,2024-05-10,深圳
1132,手机,4486.51,2024-05-11,广州
1133,手机,2607.22,2024-05-12,上海
1134,手机,2707.36,2024-05-13,北京
1135,卫衣,625.14,2024-05-14,上海
1136,手机,2292.32,2024-05-15,广州
1137,手机,2709.82,2024-05-16,深圳
1138,手机,1288.11,2024-05-17,上海
1139,卫衣,1419.29,2024-05-18,北京
1140,手机,1948.69,2024-05-19,广州
1141,水杯,198.35,2024-05-20,上海
1142,手机,1678.19,2024-05-21,北京
1143,水杯,1136.10,2024-05-22,广州
1144,水杯,1704.74,2024-05-23,北京
1145,水杯,686.83,2024-05-24,广州
1146,卫衣,4463.58,2024-05-25,深圳
1147,卫衣,3008.60,2024-05-26,上海
1148,卫衣,3427.60,2024-05-27,北京
1149,手机,3966.94,2024-05-28,广州
1150,水杯,2542.37,2024-05-29,北京
1151,卫衣,525.91,2024-05-30,北京
1152,卫衣,2731.82,2024-05-31,上海
1153,手机,2975.52,2024-06-01,深圳
1154,卫衣,3752.65,2024-06-02,北京
1155,手机,2215.13,2024-06-03,广州
1156,耳机,725.14,2024-06-04,广州
1157,卫衣,1490.50,2024-06-05,深圳
1158,耳机,1879.10,2024-06-06,广州
1159,手机,3264.99,2024-06-07,深圳
1160,水杯,2896.81,2024-06-08,广州
1161,卫衣,1844.87,2024-06-09,上海
1162,手机,4933.92,2024-06-10,北京
1163,水杯,3068.30,2024-06-11,上海
1164,水杯,1262.41,2024-06-12,北京
1165,耳机,598.73,2024-06-13,北京
1166,手机,849.01,2024-06-14,北京
1167,水杯,1305.19,2024-06-15,上海
1168,卫衣,887.34,2024-06-16,北京
1169,卫衣,1014.18,2024-06-17,上海
1170,耳机,1496.97,2024-06-18,深圳
1171,水杯,949.53,2024-06-19,广州
1172,手机,4494.15,2024-06-20,广州
1173,卫衣,493.15,2024-06-21,北京
1174,水杯,2670.11,2024-06-22,上海
1175,水杯,2110.94,2024-06-23,广州
1176,耳机,4913.66,2024-06-24,上海
1177,卫衣,648.99,2024-06-25,上海
1178,卫衣,2049.49,2024-06-26,北京
1179,手机,4850.41,2024-06-27,广州
1180,卫衣,4340.98,2024-06-28,北京
1181,手机,4103.65,2024-06-29,北京
1182,卫衣,1363.72,2024-06-30,广州
1183,耳机,937.35,2024-07-01,广州
1184,卫衣,3376.35,2024-07-02,深圳
1185,手机,4653.94,2024-07-03,深圳
1186,手机,2828.14,2024-07-04,上海
1187,耳机,2900.90,2024-07-05,广州
1188,卫衣,1471.90,2024-07-06,深圳
1189,卫衣,3870.52,2024-07-07,上海
1190,耳机,1016.51,2024-07-08,上海
1191,卫衣,1686.03,2024-07-09,上海
1192,卫衣,2184.64,2024-07-10,深圳
1193,手机,2587.29,2024-07-11,广州
1194,卫衣,1287.81,2024-07-12,北京
1195,卫衣,662.70,2024-07-13,上海
1196,耳机,3092.04,2024-07-14,深圳
1197,耳机,1514.29,2024-07-15,深圳
1198,水杯,2948.07,2024-07-16,北京
1199,手机,856.38,2024-07-17,北京
1200,卫衣,2457.59,2024-07-18,深圳
1201,卫衣,2709.69,2024-07-19,广州
1202,水杯,353.94,2024-07-20,北京
1203,卫衣,1749.36,2024-07-21,深圳
1204,手机,758.63,2024-07-22,北京
1205,水杯,410.54,2024-07-23,广州
1206,手机,4950.81,2024-07-24,上海
1207,水杯,1679.53,2024-07-25,北京
1208,水杯,4068.38,2024-07-26,广州
1209,耳机,1347.74,2024-07-27,深圳
1210,手机,3439.36,2024-07-28,北京
1211,卫衣,3825.12,2024-07-29,北京
1212,卫衣,3018.63,2024-07-30,深圳
1213,手机,2410.72,2024-07-31,上海
1214,卫衣,2118.02,2024-08-01,深圳
1215,卫衣,1809.45,2024-08-02,北京
1216,手机,4654.69,2024-08-03,深圳
1217,水杯,4170.04,2024-08-04,广州
1218,手机,4828.63,2024-08-05,深圳
1219,水杯,709.06,2024-08-06,北京
1220,卫衣,3681.25,2024-08-07,深圳
1221,卫衣,4697.87,2024-08-08,上海
1222,卫衣,988.04,2024-08-09,深圳
1223,耳机,425.83,2024-08-10,上海
1224,水杯,3731.49,2024-08-11,广州
1225,耳机,2914.92,2024-08-12,上海
1226,耳机,4224.96,2024-08-13,深圳
1227,手机,784.88,2024-08-14,北京
1228,耳机,3996.81,2024-08-15,上海
1229,手机,1087.97,2024-08-16,广州
1230,手机,901.91,2024-08-17,上海
1231,耳机,904.90,2024-08-18,上海
1232,水杯,4091.42,2024-08-19,上海
1233,水杯,3359.47,2024-08-20,广州
1234,水杯,2663.02,2024-08-21,深圳
1235,水杯,1858.27,2024-08-22,上海
1236,水杯,4398.28,2024-08-23,上海
1237,耳机,2022.98,2024-08-24,北京
1238,耳机,4101.34,2024-08-25,广州
1239,卫衣,2251.76,2024-08-26,上海
1240,水杯,1947.03,2024-08-27,广州
1241,耳机,2367.13,2024-08-28,上海
1242,卫衣,1576.75,2024-08-29,深圳
1243,水杯,3763.29,2024-08-30,深圳
1244,手机,2563.33,2024-08-31,上海
1245,卫衣,1237.84,2024-09-01,深圳
1246,耳机,4507.92,2024-09-02,上海
1247,手机,1981.07,2024-09-03,深圳
1248,手机,2763.41,2024-09-04,北京
1249,手机,4541.71,2024-09-05,北京
1250,卫衣,3158.77,2024-09-06,北京
1251,耳机,672.80,2024-09-07,广州
1252,手机,4705.18,2024-09-08,广州
1253,水杯,3175.77,2024-09-09,北京
1254,手机,1741.04,2024-09-10,广州
1255,手机,782.43,2024-09-11,深圳
1256,卫衣,3990.72,2024-09-12,上海
1257,卫衣,3138.36,2024-09-13,上海
1258,耳机,2713.96,2024-09-14,上海
1259,水杯,4480.07,2024-09-15,北京
1260,卫衣,3964.13,2024-09-16,广州
1261,手机,843.21,2024-09-17,深圳
1262,耳机,1627.44,2024-09-18,深圳
1263,手机,1317.60,2024-09-19,北京
1264,手机,3745.34,2024-09-20,深圳
1265,卫衣,264.31,2024-09-21,深圳
1266,耳机,2892.46,2024-09-22,深圳
1267,水杯,3836.05,2024-09-23,深圳
1268,水杯,4396.15,2024-09-24,广州
1269,卫衣,1776.20,2024-09-25,深圳
1270,卫衣,4124.16,2024-09-26,上海
1271,耳机,642.10,2024-09-27,北京
1272,水杯,4247.62,2024-09-28,广州
1273,水杯,724.69,2024-09-29,深圳
1274,水杯,2046.71,2024-09-30,广州
1275,手机,4006.75,2024-10-01,深圳
1276,水杯,834.60,2024-10-02,上海
1277,手机,1223.33,2024-10-03,北京
1278,耳机,3639.04,2024-10-04,深圳
1279,手机,3628.18,2024-10-05,深圳
1280,耳机,3241.62,2024-10-06,深圳
1281,水杯,3500.35,2024-10-07,深圳
1282,水杯,2759.35,2024-10-08,北京
1283,耳机,1333.82,2024-10-09,北京
1284,卫衣,1793.91,2024-10-10,上海
1285,耳机,989.83,2024-10-11,北京
1286,卫衣,4551.41,2024-10-12,深圳
1287,手机,2958.62,2024-10-13,上海
1288,手机,2064.17,2024-10-14,上海
1289,手机,2363.83,2024-10-15,上海
1290,水杯,4741.69,2024-10-16,深圳
1291,手机,851.42,2024-10-17,广州
1292,卫衣,2972.53,2024-10-18,深圳
1293,手机,2578.85,2024-10-19,北京
1294,耳机,3096.13,2024-10-20,北京
1295,耳机,188.74,2024-10-21,深圳
1296,水杯,4373.41,2024-10-22,深圳
1297,耳机,4667.38,2024-10-23,上海
1298,卫衣,2869.15,2024-10-24,深圳
1299,手机,3513.59,2024-10-25,上海
1300,水杯,4620.25,2024-10-26,北京
1301,手机,3565.47,2024-10-27,上海
1302,手机,847.44,2024-10-28,深圳
1303,卫衣,2923.81,2024-10-29,北京
1304,耳机,3072.90,2024-10-30,广州
1305,耳机,2178.24,2024-10-31,上海
1306,手机,3708.58,2024-11-01,北京
1307,水杯,4678.40,2024-11-02,上海
1308,耳机,4635.29,2024-11-03,北京
1309,水杯,2309.11,2024-11-04,北京
1310,耳机,654.87,2024-11-05,上海
1311,水杯,4925.72,2024-11-06,广州
1312,卫衣,4210.60,2024-11-07,北京
1313,水杯,710.85,2024-11-08,北京
1314,卫衣,4612.13,2024-11-09,北京
1315,卫衣,4362.49,2024-11-10,广州
1316,水杯,2642.31,2024-11-11,广州
1317,卫衣,2997.25,2024-11-12,深圳
1318,手机,2055.11,2024-11-13,上海
1319,卫衣,368.33,2024-11-14,广州
1320,耳机,1742.47,2024-11-15,上海
1321,水杯,4033.98,2024-11-16,深圳
1322,手机,122.70,2024-11-17,上海
1323,水杯,1734.15,2024-11-18,广州
1324,耳机,2051.03,2024-11-19,上海
1325,耳机,2733.24,2024-11-20,广州
1326,耳机,4607.29,2024-11-21,上海
1327,卫衣,1797.10,2024-11-22,广州
1328,卫衣,1800.07,2024-11-23,广州
1329,水杯,3713.76,2024-11-24,上海
1330,水杯,2315.87,2024-11-25,深圳
1331,手机,1200.56,2024-11-26,北京
1332,手机,2316.95,2024-11-27,深圳
1333,水杯,790.20,2024-11-28,上海
1334,卫衣,964.30,2024-11-29,深圳
1335,耳机,2542.00,2024-11-30,广州
1336,水杯,2152.73,2024-12-01,北京
1337,手机,4582.74,2024-12-02,上海
1338,卫衣,1875.73,2024-12-03,上海
1339,水杯,2944.88,2024-12-04,上海
1340,水杯,3198.10,2024-12-05,北京
1341,卫衣,164.16,2024-12-06,广州
1342,水杯,3351.33,2024-12-07,上海
1343,卫衣,972.38,2024-12-08,深圳
1344,耳机,4809.24,2024-12-09,上海
1345,卫衣,828.45,2024-12-10,上海
1346,卫衣,2131.66,2024-12-11,上海
1347,卫衣,518.21,2024-12-12,上海
1348,水杯,4984.68,2024-12-13,广州
1349,水杯,2560.76,2024-12-14,深圳
1350,卫衣,3017.39,2024-12-15,广州
1351,水杯,428.67,2024-12-16,深圳
1352,手机,3774.81,2024-12-17,上海
1353,手机,1128.54,2024-12-18,北京
1354,水杯,4500.47,2024-12-19,广州
1355,水杯,1105.18,2024-12-20,北京
1356,卫衣,1034.37,2024-12-21,广州
1357,耳机,279.09,2024-12-22,上海
1358,水杯,2413.13,2024-12-23,广州
1359,手机,2867.72,2024-12-24,上海
1360,卫衣,421.97,2024-12-25,广州
1361,水杯,3900.09,2024-12-26,上海
1362,手机,2321.12,2024-12-27,上海
1363,手机,2669.51,2024-12-28,深圳
1364,耳机,2259.74,2024-12-29,上海
1365,卫衣,2063.74,2024-12-30,深圳
1366,卫衣,2842.24,2024-12-31,上海
1367,耳机,860.68,2025-01-01,北京
1368,耳机,991.45,2025-01-02,上海
1369,卫衣,4322.75,2025-01-03,北京
1370,卫衣,4735.97,2025-01-04,北京
1371,水杯,1929.22,2025-01-05,上海
1372,水杯,1426.65,2025-01-06,北京
1373,耳机,3255.60,2025-01-07,深圳
1374,水杯,2102.80,2025-01-08,广州
1375,手机,224.39,2025-01-09,上海
1376,水杯,865.15,2025-01-10,北京
1377,水杯,3608.26,2025-01-11,上海
1378,手机,3328.73,2025-01-12,深圳
1379,耳机,232.77,2025-01-13,上海
1380,手机,1187.66,2025-01-14,上海
1381,水杯,1232.27,2025-01-15,北京
1382,耳机,3392.27,2025-01-16,深圳
1383,水杯,196.58,2025-01-17,广州
1384,手机,610.13,2025-01-18,广州
1385,手机,4019.59,2025-01-19,北京
1386,水杯,974.87,2025-01-20,上海
1387,卫衣,3298.46,2025-01-21,北京
1388,卫衣,1267.10,2025-01-22,北京
1389,手机,587.26,2025-01-23,北京
1390,手机,1291.54,2025-01-24,上海
1391,卫衣,3639.11,2025-01-25,深圳
1392,卫衣,4292.91,2025-01-26,北京
1393,水杯,4168.08,2025-01-27,上海
1394,水杯,2046.20,2025-01-28,深圳
1395,卫衣,3373.62,2025-01-29,北京
1396,水杯,1104.42,2025-01-30,广州
1397,水杯,1536.42,2025-01-31,深圳
1398,耳机,4492.05,2025-02-01,北京
1399,水杯,163.71,2025-02-02,深圳
1400,手机,518.99,2025-02-03,深圳
1401,水杯,1118.64,2025-02-04,深圳
1402,水杯,230.01,2025-02-05,深圳
1403,卫衣,989.03,2025-02-06,深圳
1404,手机,2956.90,2025-02-07,深圳
1405,水杯,2164.98,2025-02-08,北京
1406,水杯,4474.09,2025-02-09,广州
1407,耳机,4105.47,2025-02-10,上海
1408,水杯,1774.91,2025-02-11,深圳
1409,水杯,1371.17,2025-02-12,上海
1410,耳机,1960.49,2025-02-13,北京
1411,卫衣,2992.45,2025-02-14,深圳
1412,水杯,1413.51,2025-02-15,广州
1413,耳机,3158.33,2025-02-16,上海
1414,手机,2106.12,2025-02-17,深圳
1415,卫衣,2805.03,2025-02-18,北京
1416,手机,2237.02,2025-02-19,广州
1417,手机,1542.88,2025-02-20,上海
1418,耳机,4747.42,2025-02-21,上海
1419,水杯,3841.67,2025-02-22,深圳
1420,耳机,786.55,2025-02-23,广州
1421,耳机,4355.49,2025-02-24,广州
1422,耳机,2488.41,2025-02-25,广州
1423,耳机,4483.31,2025-02-26,广州
1424,卫衣,4019.29,2025-02-27,北京
1425,水杯,2183.55,2025-02-28,广州
1426,手机,210.10,2025-03-01,上海
1427,手机,1416.52,2025-03-02,上海
1428,水杯,2754.01,2025-03-03,北京
1429,手机,3204.04,2025-03-04,上海
1430,水杯,1363.65,2025-03-05,上海
1431,手机,782.84,2025-03-06,广州
1432,耳机,4191.16,2025-03-07,上海
1433,手机,4923.57,2025-03-08,北京
1434,水杯,2675.88,2025-03-09,广州
1435,水杯,941.23,2025-03-10,深圳
1436,水杯,1434.31,2025-03-11,广州
1437,水杯,190.11,2025-03-12,北京
1438,水杯,4580.06,2025-03-13,广州
1439,卫衣,676.98,2025-03-14,广州
1440,卫衣,2924.93,2025-03-15,北京
1441,手机,1442.87,2025-03-16,广州
1442,水杯,2815.47,2025-03-17,北京
1443,手机,3291.96,2025-03-18,北京
1444,水杯,4165.73,2025-03-19,深圳
1445,水杯,1111.46,2025-03-20,上海
1446,卫衣,153.88,2025-03-21,上海
1447,卫衣,770.74,2025-03-22,广州
1448,耳机,4510.09,2025-03-23,广州
1449,卫衣,4382.06,2025-03-24,深圳
1450,耳机,3027.32,2025-03-25,深圳
1451,耳机,3042.53,2025-03-26,深圳
1452,耳机,3358.68,2025-03-27,北京
1453,耳机,959.32,2025-03-28,深圳
1454,耳机,4580.62,2025-03-29,深圳
1455,手机,2151.98,2025-03-30,广州
1456,卫衣,1977.38,2025-03-31,深圳
1457,耳机,2642.70,2025-04-01,北京
1458,水杯,330.13,2025-04-02,北京
1459,卫衣,914.79,2025-04-03,广州
1460,卫衣,3716.36,2025-04-04,深圳
1461,耳机,505.71,2025-04-05,深圳
1462,手机,3055.45,2025-04-06,北京
1463,耳机,1302.21,2025-04-07,深圳
1464,手机,2007.55,2025-04-08,深圳
1465,水杯,1514.60,2025-04-09,深圳
1466,卫衣,1842.80,2025-04-10,上海
1467,水杯,3623.32,2025-04-11,广州
1468,手机,1555.90,2025-04-12,上海
1469,手机,2875.38,2025-04-13,广州
1470,水杯,2432.65,2025-04-14,北京
1471,手机,3351.99,2025-04-15,深圳
1472,水杯,4690.47,2025-04-16,广州
1473,卫衣,3689.60,2025-04-17,上海
1474,水杯,1153.21,2025-04-18,深圳
1475,卫衣,252.80,2025-04-19,北京
1476,水杯,1385.09,2025-04-20,广州
1477,手机,3015.88,2025-04-21,广州
1478,水杯,351.99,2025-04-22,广州
1479,手机,2532.19,2025-04-23,深圳
1480,水杯,3024.53,2025-04-24,上海
1481,水杯,1737.80,2025-04-25,上海
1482,耳机,3877.47,2025-04-26,广州
1483,手机,622.33,2025-04-27,北京
1484,耳机,468.18,2025-04-28,北京
1485,手机,3668.12,2025-04-29,上海
1486,耳机,2527.91,2025-04-30,北京
1487,卫衣,3473.17,2025-05-01,上海
1488,水杯,2230.65,2025-05-02,广州
1489,手机,1307.37,2025-05-03,上海
1490,手机,4113.60,2025-05-04,上海
1491,水杯,4017.14,2025-05-05,广州
1492,手机,3504.01,2025-05-06,北京
1493,手机,1433.51,2025-05-07,上海
1494,耳机,2992.13,2025-05-08,上海
1495,手机,1868.77,2025-05-09,广州
1496,卫衣,548.75,2025-05-10,北京
1497,卫衣,4594.84,2025-05-11,上海
1498,水杯,770.41,2025-05-12,广州
1499,手机,4756.16,2025-05-13,上海
1500,水杯,2285.43,2025-05-14,深圳
1501,卫衣,1007.15,2025-05-15,广州
1502,手机,2755.31,2025-05-16,北京
1503,手机,4377.43,2025-05-17,北京
1504,水杯,3687.90,2025-05-18,北京
1505,卫衣,4052.15,2025-05-19,北京
1506,手机,3328.04,2025-05-20,上海
1507,水杯,3492.16,2025-05-21,上海
1508,卫衣,4261.06,2025-05-22,北京
1509,水杯,1323.37,2025-05-23,北京
1510,耳机,2498.18,2025-05-24,北京
1511,手机,1183.93,2025-05-25,上海
1512,耳机,4939.57,2025-05-26,北京
1513,卫衣,4725.89,2025-05-27,北京
1514,耳机,293.19,2025-05-28,深圳
1515,耳机,3557.32,2025-05-29,深圳
1516,卫衣,4633.72,2025-05-30,北京
1517,水杯,984.82,2025-05-31,广州
1518,耳机,2882.93,2025-06-01,北京
1519,水杯,4585.89,2025-06-02,深圳
1520,耳机,266.34,2025-06-03,广州
1521,水杯,3517.36,2025-06-04,广州
1522,卫衣,1557.01,2025-06-05,北京
1523,耳机,4629.54,2025-06-06,深圳
1524,卫衣,4858.19,2025-06-07,深圳
1525,耳机,4726.91,2025-06-08,广州
1526,卫衣,2423.65,2025-06-09,北京
1527,卫衣,4324.01,2025-06-10,上海
1528,耳机,4238.29,2025-06-11,上海
1529,耳机,1663.59,2025-06-12,深圳
1530,耳机,4161.69,2025-06-13,上海
1531,手机,281.34,2025-06-14,深圳
1532,水杯,3021.72,2025-06-15,深圳
1533,手机,1227.04,2025-06-16,深圳
1534,手机,690.78,2025-06-17,上海
1535,卫衣,477.07,2025-06-18,深圳
1536,耳机,3511.82,2025-06-19,广州
1537,水杯,1765.39,2025-06-20,北京
1538,卫衣,3651.36,2025-06-21,北京
1539,手机,420.25,2025-06-22,深圳
1540,耳机,1644.92,2025-06-23,北京
1541,卫衣,2743.51,2025-06-24,上海
1542,耳机,3974.54,2025-06-25,上海
1543,卫衣,1661.89,2025-06-26,北京
1544,耳机,3166.87,2025-06-27,上海
1545,手机,4441.29,2025-06-28,北京
1546,水杯,3117.73,2025-06-29,北京
1547,手机,1241.50,2025-06-30,北京
1548,水杯,219.56,2025-07-01,深圳
1549,耳机,4363.48,2025-07-02,北京
1550,卫衣,204.22,2025-07-03,深圳
1551,手机,4386.04,2025-07-04,北京
1552,水杯,2691.79,2025-07-05,北京
1553,手机,4701.43,2025-07-06,北京
1554,水杯,4014.04,2025-07-07,上海
1555,手机,4989.88,2025-07-08,深圳
1556,水杯,1818.49,2025-07-09,深圳
1557,水杯,3859.22,2025-07-10,北京
1558,耳机,2069.46,2025-07-11,北京
1559,水杯,2451.39,2025-07-12,上海
1560,耳机,3174.78,2025-07-13,上海
1561,水杯,4381.02,2025-07-14,上海
1562,卫衣,4922.01,2025-07-15,深圳
1563,卫衣,3864.54,2025-07-16,深圳
1564,卫衣,2147.06,2025-07-17,深圳
1565,水杯,2164.65,2025-07-18,北京
1566,耳机,3714.15,2025-07-19,深圳
1567,耳机,1270.01,2025-07-20,广州
1568,水杯,641.32,2025-07-21,广州
1569,卫衣,1837.65,2025-07-22,上海
1570,卫衣,1507.47,2025-07-23,深圳
1571,耳机,1551.91,2025-07-24,广州
1572,卫衣,1244.68,2025-07-25,上海
1573,手机,306.26,2025-07-26,深圳
1574,耳机,187.58,2025-07-27,北京
1575,卫衣,4939.84,2025-07-28,广州
1576,耳机,2196.09,2025-07-29,北京
1577,手机,1983.20,2025-07-30,深圳
1578,耳机,3430.27,2025-07-31,广州
1579,耳机,1169.44,2025-08-01,深圳
1580,耳机,4754.81,2025-08-02,北京
1581,耳机,3953.09,2025-08-03,广州
1582,手机,538.11,2025-08-04,北京
1583,水杯,2146.15,2025-08-05,深圳
1584,耳机,4407.68,2025-08-06,深圳
1585,耳机,4729.19,2025-08-07,北京
1586,卫衣,2390.27,2025-08-08,广州
1587,耳机,3105.72,2025-08-09,北京
1588,卫衣,918.47,2025-08-10,深圳
1589,水杯,4956.73,2025-08-11,北京
1590,手机,1235.19,2025-08-12,深圳
1591,手机,4719.39,2025-08-13,北京
1592,水杯,3283.27,2025-08-14,广州
1593,手机,3077.91,2025-08-15,广州
1594,水杯,2612.17,2025-08-16,北京
1595,水杯,1230.28,2025-08-17,北京
1596,水杯,964.99,2025-08-18,广州
1597,手机,1180.38,2025-08-19,深圳
1598,卫衣,1013.55,2025-08-20,广州
1599,水杯,3919.96,2025-08-21,深圳
1600,耳机,1815.61,2025-08-22,北京
1601,手机,383.43,2025-08-23,北京
1602,水杯,4848.60,2025-08-24,深圳
1603,水杯,4430.55,2025-08-25,北京
1604,耳机,4645.99,2025-08-26,深圳
1605,卫衣,4975.05,2025-08-27,上海
1606,卫衣,952.09,2025-08-28,广州
1607,卫衣,2041.59,2025-08-29,上海
1608,水杯,3815.37,2025-08-30,深圳
1609,水杯,3510.50,2025-08-31,广州
1610,水杯,854.09,2025-09-01,深圳
1611,手机,4097.58,2025-09-02,广州
1612,耳机,1199.76,2025-09-03,广州
1613,水杯,1196.71,2025-09-04,广州
1614,耳机,2731.17,2025-09-05,广州
1615,耳机,3005.41,2025-09-06,深圳
1616,卫衣,2942.42,2025-09-07,广州
1617,手机,548.29,2025-09-08,广州
1618,水杯,4399.56,2025-09-09,上海
1619,卫衣,1401.44,2025-09-10,北京
1620,卫衣,734.62,2025-09-11,北京
1621,水杯,4454.87,2025-09-12,上海
1622,耳机,4782.69,2025-09-13,上海
1623,卫衣,4324.43,2025-09-14,深圳
1624,耳机,4066.63,2025-09-15,深圳
1625,手机,3310.69,2025-09-16,深圳
1626,耳机,2799.20,2025-09-17,上海
1627,手机,526.24,2025-09-18,上海
1628,耳机,2101.42,2025-09-19,广州
1629,卫衣,1926.17,2025-09-20,深圳
1630,卫衣,1372.79,2025-09-21,深圳
1631,手机,3644.76,2025-09-22,深圳
1632,水杯,2529.79,2025-09-23,北京
1633,手机,497.13,2025-09-24,广州
1634,手机,1178.90,2025-09-25,深圳
1635,耳机,3447.97,2025-09-26,深圳
1636,耳机,473.04,2025-09-27,深圳
1637,手机,4270.91,2025-09-28,北京
1638,卫衣,2526.22,2025-09-29,北京
1639,耳机,2454.87,2025-09-30,上海
1640,水杯,3002.80,2025-10-01,广州
1641,耳机,4140.94,2025-10-02,上海
1642,耳机,1804.27,2025-10-03,广州
1643,水杯,3422.28,2025-10-04,北京
1644,手机,2872.09,2025-10-05,深圳
1645,水杯,1408.44,2025-10-06,上海
1646,手机,4405.29,2025-10-07,深圳
1647,手机,4007.39,2025-10-08,上海
1648,手机,3326.41,2025-10-09,北京
1649,水杯,4267.85,2025-10-10,北京
1650,手机,4349.74,2025-10-11,北京
1651,卫衣,3570.98,2025-10-12,上海
1652,水杯,4201.37,2025-10-13,广州
1653,卫衣,3517.61,2025-10-14,上海
1654,手机,3432.69,2025-10-15,广州
1655,耳机,3131.20,2025-10-16,上海
1656,手机,3788.31,2025-10-17,上海
1657,卫衣,877.17,2025-10-18,北京
1658,卫衣,4416.27,2025-10-19,深圳
1659,水杯,4372.03,2025-10-20,深圳
1660,耳机,243.31,2025-10-21,广州
1661,水杯,4146.50,2025-10-22,深圳
1662,卫衣,731.46,2025-10-23,上海
1663,手机,1742.08,2025-10-24,上海
1664,耳机,3743.19,2025-10-25,北京
1665,手机,887.72,2025-10-26,北京
1666,手机,4108.04,2025-10-27,深圳
1667,耳机,4177.46,2025-10-28,广州
1668,水杯,2586.59,2025-10-29,深圳
1669,手机,131.29,2025-10-30,深圳
1670,卫衣,1506.49,2025-10-31,深圳
1671,手机,3122.94,2025-11-01,深圳
1672,耳机,4907.81,2025-11-02,上海
1673,耳机,3195.89,2025-11-03,广州
1674,耳机,1373.04,2025-11-04,上海
1675,水杯,3206.63,2025-11-05,广州
1676,手机,2745.93,2025-11-06,北京
1677,水杯,3921.24,2025-11-07,深圳
1678,水杯,624.21,2025-11-08,上海
1679,耳机,3829.04,2025-11-09,广州
1680,耳机,2752.21,2025-11-10,北京
1681,水杯,4818.66,2025-11-11,北京
1682,手机,1775.17,2025-11-12,深圳
1683,卫衣,3199.85,2025-11-13,广州
1684,水杯,4666.94,2025-11-14,上海
1685,手机,602.30,2025-11-15,深圳
1686,耳机,4692.42,2025-11-16,上海
1687,耳机,3470.64,2025-11-17,北京
1688,手机,432.40,2025-11-18,上海
1689,卫衣,1574.72,2025-11-19,上海
1690,耳机,3570.04,2025-11-20,深圳
1691,耳机,430.02,2025-11-21,上海
1692,耳机,2952.64,2025-11-22,深圳
1693,手机,1794.83,2025-11-23,北京
1694,水杯,3142.49,2025-11-24,深圳
1695,耳机,324.14,2025-11-25,深圳
1696,水杯,4370.53,2025-11-26,广州
1697,卫衣,4870.10,2025-11-27,上海
1698,耳机,4847.50,2025-11-28,北京
1699,耳机,3773.29,2025-11-29,深圳
1700,卫衣,737.42,2025-11-30,北京
1701,耳机,3815.49,2025-12-01,广州
1702,水杯,220.48,2025-12-02,上海
1703,手机,208.41,2025-12-03,深圳
1704,水杯,1685.69,2025-12-04,上海
1705,手机,2494.35,2025-12-05,广州
1706,手机,3875.00,2025-12-06,广州
1707,水杯,3448.15,2025-12-07,北京
1708,水杯,2284.92,2025-12-08,深圳
1709,水杯,1440.77,2025-12-09,北京
1710,水杯,4985.91,2025-12-10,广州
1711,卫衣,2188.29,2025-12-11,上海
1712,耳机,2311.80,2025-12-12,北京
1713,手机,901.76,2025-12-13,北京
1714,水杯,3994.57,2025-12-14,上海
1715,水杯,3499.04,2025-12-15,北京
1716,水杯,1181.77,2025-12-16,上海
1717,卫衣,503.67,2025-12-17,深圳
1718,水杯,3434.45,2025-12-18,上海
1719,水杯,3307.10,2025-12-19,深圳
1720,水杯,1438.97,2025-12-20,上海
1721,耳机,4759.23,2025-12-21,广州
1722,卫衣,840.18,2025-12-22,广州
1723,水杯,2218.44,2025-12-23,深圳
1724,手机,4723.72,2025-12-24,深圳
1725,手机,2156.66,2025-12-25,广州
1726,手机,3228.78,2025-12-26,深圳
1727,卫衣,2048.21,2025-12-27,上海
1728,卫衣,1443.65,2025-12-28,上海
1729,手机,4921.49,2025-12-29,广州
1730,水杯,2105.74,2025-12-30,北京
1731,卫衣,4481.09,2025-12-31,上海
1732,手机,1226.78,2026-01-01,深圳
1733,手机,1144.21,2026-01-02,北京
1734,水杯,252.56,2026-01-03,北京
1735,耳机,3293.17,2026-01-04,上海
1736,卫衣,1905.78,2026-01-05,上海
1737,水杯,4335.36,2026-01-06,北京
1738,手机,2418.73,2026-01-07,北京
1739,手机,4844.15,2026-01-08,广州
1740,水杯,1009.08,2026-01-09,深圳
1741,卫衣,4356.25,2026-01-10,广州
1742,耳机,3905.32,2026-01-11,上海
1743,耳机,3877.52,2026-01-12,广州
1744,手机,4239.44,2026-01-13,广州
1745,卫衣,3829.02,2026-01-14,广州
1746,耳机,3168.48,2026-01-15,广州
1747,卫衣,743.10,2026-01-16,深圳
1748,卫衣,259.38,2026-01-17,深圳
1749,手机,4612.15,2026-01-18,北京
1750,耳机,3121.59,2026-01-19,上海
1751,水杯,4003.03,2026-01-20,广州
1752,手机,2459.46,2026-01-21,北京
1753,耳机,674.81,2026-01-22,北京
1754,耳机,713.41,2026-01-23,北京
1755,耳机,3459.27,2026-01-24,深圳
1756,耳机,2208.50,2026-01-25,广州
1757,耳机,1082.57,2026-01-26,广州
1758,卫衣,2508.81,2026-01-27,上海
1759,手机,414.62,2026-01-28,广州
1760,卫衣,2951.66,2026-01-29,广州
1761,水杯,1418.07,2026-01-30,北京
1762,耳机,4008.04,2026-01-31,上海
1763,手机,1620.77,2026-02-01,广州
1764,耳机,2330.58,2026-02-02,深圳
1765,手机,156.94,2026-02-03,广州
1766,卫衣,454.99,2026-02-04,北京
1767,手机,2023.22,2026-02-05,深圳
1768,水杯,2451.70,2026-02-06,北京
1769,水杯,3040.10,2026-02-07,广州
1770,手机,1529.15,2026-02-08,深圳
1771,手机,3505.41,2026-02-09,上海
1772,手机,4314.60,2026-02-10,上海
1773,手机,3921.27,2026-02-11,深圳
1774,水杯,294.13,2026-02-12,深圳
1775,耳机,2454.48,2026-02-13,北京
1776,手机,614.16,2026-02-14,深圳
1777,手机,1286.02,2026-02-15,北京
1778,水杯,4934.65,2026-02-16,广州
1779,水杯,798.23,2026-02-17,北京
1780,卫衣,2544.55,2026-02-18,深圳
1781,手机,3128.96,2026-02-19,深圳
1782,卫衣,3542.08,2026-02-20,广州
1783,水杯,2842.28,2026-02-21,深圳
1784,水杯,147.88,2026-02-22,深圳
1785,耳机,1699.66,2026-02-23,上海
1786,手机,2636.79,2026-02-24,上海
1787,卫衣,530.55,2026-02-25,广州
1788,水杯,1818.07,2026-02-26,北京
1789,水杯,262.70,2026-02-27,上海
1790,卫衣,485.03,2026-02-28,北京
1791,耳机,2044.92,2026-03-01,深圳
1792,水杯,750.31,2026-03-02,上海
1793,手机,2880.95,2026-03-03,广州
1794,水杯,3478.38,2026-03-04,广州
1795,手机,4022.87,2026-03-05,广州
1796,卫衣,1080.74,2026-03-06,上海
1797,手机,920.66,2026-03-07,北京
1798,卫衣,612.38,2026-03-08,深圳
1799,手机,3218.51,2026-03-09,北京
1800,卫衣,3561.73,2026-03-10,北京
1801,手机,254.77,2026-03-11,深圳
1802,耳机,4687.44,2026-03-12,深圳
1803,手机,354.66,2026-03-13,上海
1804,手机,2752.35,2026-03-14,上海
1805,耳机,3574.40,2026-03-15,上海
1806,水杯,4367.75,2026-03-16,上海
1807,水杯,3599.03,2026-03-17,上海
1808,手机,4028.47,2026-03-18,深圳
1809,耳机,1763.31,2026-03-19,北京
1810,手机,4092.64,2026-03-20,上海
1811,卫衣,492.56,2026-03-21,上海
1812,卫衣,4484.60,2026-03-22,北京
1813,手机,2783.20,2026-03-23,上海
1814,水杯,4104.76,2026-03-24,北京
1815,水杯,2316.36,2026-03-25,北京
1816,手机,3253.53,2026-03-26,深圳
1817,手机,2679.37,2026-03-27,广州
1818,卫衣,3684.79,2026-03-28,深圳
1819,水杯,499.99,2026-03-29,广州
1820,手机,395.73,2026-03-30,广州
1821,卫衣,1310.81,2026-03-31,广州
1822,水杯,881.77,2026-04-01,上海
1823,耳机,4371.74,2026-04-02,深圳
1824,卫衣,1174.15,2026-04-03,广州
1825,水杯,4881.74,2026-04-04,北京
1826,水杯,1750.79,2026-04-05,上海
1827,卫衣,992.38,2026-04-06,深圳
1828,耳机,3969.52,2026-04-07,广州
1829,卫衣,3327.67,2026-04-08,北京
1830,水杯,2541.16,2026-04-09,深圳
1831,手机,2821.28,2026-04-10,深圳
1832,手机,3624.09,2026-04-11,上海
1833,卫衣,1219.43,2026-04-12,深圳
1834,水杯,4982.04,2026-04-13,上海
1835,手机,4876.49,2026-04-14,广州
1836,水杯,3286.60,2026-04-15,上海
1837,卫衣,1077.76,2026-04-16,北京
1838,手机,3433.12,2026-04-17,上海
1839,水杯,453.77,2026-04-18,北京
1840,手机,250.20,2026-04-19,上海
1841,卫衣,1362.65,2026-04-20,深圳
1842,水杯,2366.85,2026-04-21,广州
1843,手机,4354.54,2026-04-22,北京
1844,卫衣,3663.13,2026-04-23,上海
1845,手机,3739.26,2026-04-24,上海
1846,手机,2184.92,2026-04-25,上海
1847,耳机,1795.08,2026-04-26,深圳
1848,耳机,1918.09,2026-04-27,深圳
1849,卫衣,4939.48,2026-04-28,北京
1850,耳机,296.54,2026-04-29,北京
1851,卫衣,4348.45,2026-04-30,深圳
1852,耳机,2935.51,2026-05-01,北京
1853,手机,2249.22,2026-05-02,广州
1854,卫衣,3653.76,2026-05-03,广州
1855,卫衣,2484.68,2026-05-04,深圳
1856,手机,4379.77,2026-05-05,北京
1857,卫衣,4513.44,2026-05-06,上海
1858,卫衣,2166.43,2026-05-07,广州
1859,耳机,1456.46,2026-05-08,深圳
1860,卫衣,3002.52,2026-05-09,北京
1861,水杯,4570.58,2026-05-10,深圳
1862,手机,1132.24,2026-05-11,上海
1863,耳机,3152.54,2026-05-12,广州
1864,耳机,3194.65,2026-05-13,深圳
1865,水杯,3692.25,2026-05-14,深圳
1866,手机,744.68,2026-05-15,深圳
1867,手机,3607.54,2026-05-16,上海
1868,耳机,4554.26,2026-05-17,深圳
1869,卫衣,980.45,2026-05-18,上海
1870,耳机,1263.96,2026-05-19,上海
1871,手机,4859.84,2026-05-20,上海
1872,水杯,986.79,2026-05-21,广州
1873,耳机,4286.49,2026-05-22,广州
1874,手机,2512.16,2026-05-23,深圳
1875,耳机,1311.43,2026-05-24,深圳
1876,卫衣,4366.67,2026-05-25,广州
1877,耳机,2282.00,2026-05-26,北京
1878,耳机,2622.61,2026-05-27,广州
1879,手机,1860.24,2026-05-28,上海
1880,手机,3005.46,2026-05-29,广州
1881,手机,901.27,2026-05-30,上海
1882,耳机,2016.30,2026-05-31,深圳
1883,卫衣,4850.12,2026-06-01,北京
1884,水杯,1364.85,2026-06-02,深圳
1885,水杯,3318.01,2026-06-03,上海
1886,手机,1693.43,2026-06-04,上海
1887,手机,3890.02,2026-06-05,上海
1888,耳机,741.28,2026-06-06,北京
1889,水杯,4852.12,2026-06-07,广州
1890,手机,2323.57,2026-06-08,深圳
1891,卫衣,1256.65,2026-06-09,深圳
1892,卫衣,460.13,2026-06-10,广州
1893,手机,931.81,2026-06-11,深圳
1894,手机,2646.89,2026-06-12,北京
1895,水杯,1751.32,2026-06-13,深圳
1896,水杯,4161.53,2026-06-14,上海
1897,耳机,2211.35,2026-06-15,广州
1898,水杯,1318.70,2026-06-16,北京
1899,卫衣,3124.01,2026-06-17,广州
1900,卫衣,3563.21,2026-06-18,北京
1901,手机,918.51,2026-06-19,上海
1902,水杯,921.33,2026-06-20,广州
1903,耳机,279.69,2026-06-21,深圳
1904,卫衣,3708.37,2026-06-22,北京
1905,卫衣,3352.64,2026-06-23,广州
1906,耳机,2425.69,2026-06-24,深圳
1907,耳机,4236.44,2026-06-25,广州
1908,卫衣,4047.78,2026-06-26,广州
1909,卫衣,2968.24,2026-06-27,广州
1910,耳机,4354.53,2026-06-28,北京
1911,卫衣,1108.62,2026-06-29,深圳
1912,手机,648.41,2026-06-30,上海
1913,手机,1421.77,2026-07-01,北京
1914,耳机,379.73,2026-07-02,北京
1915,水杯,2702.73,2026-07-03,北京
1916,耳机,4689.37,2026-07-04,上海
1917,耳机,292.78,2026-07-05,深圳
1918,水杯,698.34,2026-07-06,深圳
1919,水杯,2315.78,2026-07-07,深圳
1920,水杯,4675.99,2026-07-08,广州
1921,手机,1649.16,2026-07-09,广州
1922,卫衣,2585.45,2026-07-10,广州
1923,手机,303.71,2026-07-11,上海
1924,卫衣,826.88,2026-07-12,广州
1925,手机,4934.49,2026-07-13,上海
1926,卫衣,4829.08,2026-07-14,深圳
1927,手机,124.21,2026-07-15,广州
1928,水杯,4763.88,2026-07-16,广州
1929,耳机,3231.69,2026-07-17,北京
1930,手机,4352.80,2026-07-18,上海
1931,卫衣,2328.23,2026-07-19,深圳
1932,水杯,2626.42,2026-07-20,北京
1933,手机,2495.35,2026-07-21,北京
1934,手机,3367.63,2026-07-22,深圳
1935,水杯,784.29,2026-07-23,北京
1936,手机,246.87,2026-07-24,上海
1937,耳机,1608.86,2026-07-25,上海
1938,手机,3552.94,2026-07-26,广州
1939,耳机,1089.08,2026-07-27,北京
1940,耳机,3399.82,2026-07-28,广州
1941,水杯,4852.57,2026-07-29,北京
1942,手机,560.11,2026-07-30,上海
1943,水杯,3395.75,2026-07-31,上海
1944,手机,2274.38,2026-08-01,上海
1945,手机,4353.90,2026-08-02,北京
1946,卫衣,968.03,2026-08-03,上海
1947,手机,3493.87,2026-08-04,北京
1948,水杯,4206.76,2026-08-05,广州
1949,耳机,4728.61,2026-08-06,北京
1950,手机,3447.92,2026-08-07,广州
1951,卫衣,2536.16,2026-08-08,北京
1952,水杯,3127.45,2026-08-09,广州
1953,手机,4357.63,2026-08-10,上海
1954,水杯,2895.99,2026-08-11,广州
1955,卫衣,248.90,2026-08-12,上海
1956,卫衣,4661.65,2026-08-13,上海
1957,水杯,3478.68,2026-08-14,广州
1958,手机,3414.92,2026-08-15,北京
1959,耳机,1156.81,2026-08-16,北京
1960,卫衣,3328.54,2026-08-17,深圳
1961,手机,2029.94,2026-08-18,北京
1962,手机,3291.04,2026-08-19,深圳
1963,耳机,622.31,2026-08-20,北京
1964,卫衣,3323.44,2026-08-21,北京
1965,卫衣,4997.13,2026-08-22,上海
1966,手机,336.24,2026-08-23,深圳
1967,手机,4888.15,2026-08-24,北京
1968,耳机,2093.85,2026-08-25,深圳
1969,耳机,4366.69,2026-08-26,上海
1970,卫衣,3933.69,2026-08-27,上海
1971,水杯,2878.38,2026-08-28,深圳
1972,卫衣,3718.40,2026-08-29,上海
1973,手机,4404.73,2026-08-30,广州
1974,卫衣,2080.29,2026-08-31,广州
1975,水杯,1702.46,2026-09-01,上海
1976,耳机,3371.21,2026-09-02,广州
1977,水杯,4058.45,2026-09-03,北京
1978,水杯,3835.20,2026-09-04,深圳
1979,水杯,4009.29,2026-09-05,北京
1980,耳机,2234.36,2026-09-06,深圳
1981,水杯,4107.39,2026-09-07,上海
1982,水杯,689.02,2026-09-08,北京
1983,水杯,2768.00,2026-09-09,上海
1984,手机,128.22,2026-09-10,上海
1985,水杯,1690.47,2026-09-11,深圳
1986,耳机,1895.66,2026-09-12,深圳
1987,水杯,2041.25,2026-09-13,深圳
1988,水杯,3507.79,2026-09-14,北京
1989,耳机,2003.93,2026-09-15,广州
1990,水杯,2298.60,2026-09-16,深圳
1991,耳机,1263.97,2026-09-17,深圳
1992,水杯,1928.93,2026-09-18,北京
1993,耳机,1213.62,2026-09-19,深圳
1994,水杯,458.66,2026-09-20,北京
1995,水杯,3056.90,2026-09-21,上海
1996,手机,3374.24,2026-09-22,深圳
1997,手机,3135.50,2026-09-23,深圳
1998,水杯,2371.12,2026-09-24,上海
1999,水杯,1960.95,2026-09-25,上海
2000,卫衣,4330.33,2026-09-26,上海
